Comapany,Required Skills,Details,Posted
"
vBridge

","
python,django,sql,nosql

",https://www.timesjobs.com/job-detail/python-vbridge-kolkata-0-to-1-yrs-jobid-TmNj0YvucmlzpSvf__PLUS__uAgZw==&source=srp,Posted 3 days ago
"
SuryaInformaticsSolutionsPvt.Ltd.

","
python,webtechnologies,linux,mobile,mysql,angularjs,javascript

",https://www.timesjobs.com/job-detail/python-surya-informatics-solutions-pvt-ltd-chennai-0-to-3-yrs-jobid-UVlLes58wutzpSvf__PLUS__uAgZw==&source=srp,Posted 6 days ago
"
PureTechCodexPrivateLimited

","

rest,python,database,django,debugging,mongodb

",https://www.timesjobs.com/job-detail/python-pure-tech-codex-private-limited-pune-2-to-3-yrs-jobid-OHwfF0d6EhNzpSvf__PLUS__uAgZw==&source=srp,Posted few days ago
"
GeminiSolutions

","
python,mobile,svn,nosql,pythonscripting,git,api,sqldatabase

",https://www.timesjobs.com/job-detail/qa-python-python-sdet-gemini-solutions-gurgaon-4-to-7-yrs-jobid-eGMLzwOk2QlzpSvf__PLUS__uAgZw==&source=srp,Posted few days ago
"
OneTeamSolutions
(MoreJobs)
","
Python
",https://www.timesjobs.com/job-detail/python-trianer-one-team-solutions-thiruvananthapuram-0-to-3-yrs-jobid-DO__PLUS__jW89rDINzpSvf__PLUS__uAgZw==&source=srp,Posted 3 days ago
"
GTSOLUSN
(MoreJobs)
","

""Python""

",https://www.timesjobs.com/job-detail/python-developer-gt-solusn-pune-jaipur-3-to-8-yrs-jobid-8LDhFrG7iyFzpSvf__PLUS__uAgZw==&source=srp,Posted a month ago
"
BlueStoneconsultancy
(MoreJobs)
","
PythonScripting

",https://www.timesjobs.com/job-detail/python-developer-blue-stone-consultancy-hyderabad-secunderabad-2-to-7-yrs-jobid-brV2kvlUifhzpSvf__PLUS__uAgZw==&source=srp,Posted few days ago
"
CONNECTING2WORK

","

rest,python,django,mongodb

",https://www.timesjobs.com/job-detail/python-trainer-connecting-2-work-calicut-kozhikode-0-to-3-yrs-jobid-kXED__PLUS__hcGqIpzpSvf__PLUS__uAgZw==&source=srp,Posted 1 day ago
"
TalentCornerHrServicesPrivateLimited

","
python,django,webtechnologies

",https://www.timesjobs.com/job-detail/python-engineer-talent-corner-hr-services-private-limited-udaipur-7-to-12-yrs-jobid-9zo5SnLa1ONzpSvf__PLUS__uAgZw==&source=srp,Posted 3 days ago
"
ValueLabs

","
python,css,html,javascript

",https://www.timesjobs.com/job-detail/python-developer-valuelabs-hyderabad-secunderabad-5-to-8-yrs-jobid-2__PLUS__fTEMSITqhzpSvf__PLUS__uAgZw==&source=srp,Posted 4 days ago
"
ValueLabs

","
python,database,shellscripting,perl,unix,sql

",https://www.timesjobs.com/job-detail/python-developer-valuelabs-hyderabad-secunderabad-7-to-10-yrs-jobid-ocUK970ERO9zpSvf__PLUS__uAgZw==&source=srp,Posted 4 days ago
"
LAKSHHUMANRESOURCE

","

rest,python,django,git

",https://www.timesjobs.com/job-detail/python-developer-laksh-human-resource-mumbai-1-to-3-yrs-jobid-Bo79FYBR7__SLASH__5zpSvf__PLUS__uAgZw==&source=srp,Posted 5 days ago
"
TECHNOPARKTRIVANDRUM

","
python,oops,storage

",https://www.timesjobs.com/job-detail/python-developer-technopark-trivandrum-thiruvananthapuram-2-to-5-yrs-jobid-Bmx4ioqLMHJzpSvf__PLUS__uAgZw==&source=srp,Posted 6 days ago
"
SEVENCONSULTANCY

","
python,mvc,sql

",https://www.timesjobs.com/job-detail/python-developer-seven-consultancy-navi-mumbai-mumbai-4-to-7-yrs-jobid-PGeUDPey4RhzpSvf__PLUS__uAgZw==&source=srp,Posted few days ago
"
FresherMart

","
python,django,DjangoFramework

",https://www.timesjobs.com/job-detail/python-developer-freshermart-navi-mumbai-mumbai-0-to-1-yrs-jobid-PUYMPEa4NaFzpSvf__PLUS__uAgZw==&source=srp,Posted few days ago
"
IvanInfotechPvtLtd
(MoreJobs)
","

Flask,python,api

",https://www.timesjobs.com/job-detail/python-developer-ivan-infotech-pvt-ltd-kolkata-2-to-7-yrs-jobid-JpJlf3PzdhxzpSvf__PLUS__uAgZw==&source=srp,"
Work from Home 
		    	"
"
DREAMAJAXTECHNOLOGIES

","
python,django,api,sql,nosql

",https://www.timesjobs.com/job-detail/python-developer-dreamajax-technologies-bengaluru-bangalore-4-to-7-yrs-jobid-EWIVCDzRLKBzpSvf__PLUS__uAgZw==&source=srp,Posted 2 days ago
"
qualitythought

","

rest,python,django,informationtechnology

",https://www.timesjobs.com/job-detail/python-django-quality-thought-hyderabad-secunderabad-2-to-5-yrs-jobid-A0WJWgCiZSRzpSvf__PLUS__uAgZw==&source=srp,Posted 2 days ago
"
IvanInfotechPvt.Ltd.

","

rest,python,security,debugging

",https://www.timesjobs.com/job-detail/python-developer-ivan-infotech-pvt-ltd-kolkata-2-to-5-yrs-jobid-1h6sLaqbaBZzpSvf__PLUS__uAgZw==&source=srp,Posted few days ago
"
QuESTGlobalEngineeringPvtLtd

","

rest,python,embeddedsoftware,git

",https://www.timesjobs.com/job-detail/python-engineer-quest-global-engineering-pvt-ltd-thiruvananthapuram-3-to-6-yrs-jobid-i7elssqOA2hzpSvf__PLUS__uAgZw==&source=srp,Posted 3 days ago
"
DatagridSolutions

","
python,database,django,mysql,api

",https://www.timesjobs.com/job-detail/python-developer-datagrid-solutions-mumbai-2-to-3-yrs-jobid-yAspoeIZIo5zpSvf__PLUS__uAgZw==&source=srp,Posted 4 days ago
"
Gibots

","
python,elementsdeveloped,performanceapplications

",https://www.timesjobs.com/job-detail/python-developer-gibots-pune-1-to-2-yrs-jobid-3x1kaokioYFzpSvf__PLUS__uAgZw==&source=srp,Posted 5 days ago
"
AnanthaCyberTechPvtLimited

","
python,c,c,informationtechnology

",https://www.timesjobs.com/job-detail/python-developer-anantha-cyber-tech-pvt-limited-hyderabad-secunderabad-3-to-6-yrs-jobid-QF9wZ4AGuzlzpSvf__PLUS__uAgZw==&source=srp,Posted 5 days ago
"
TandAHRSolutions

","

Djangoframework,PythonDeveloper,corepython
",https://www.timesjobs.com/job-detail/python-developer-tanda-hr-solutions-mohali-3-to-5-yrs-jobid-GTT0grHZP1tzpSvf__PLUS__uAgZw==&source=srp,Posted few days ago
"
eastindiasecuritiesltd.

","
python,hadoop,machinelearning

",https://www.timesjobs.com/job-detail/python-engineer-east-india-securities-ltd-kolkata-2-to-5-yrs-jobid-KEkE19WqPbFzpSvf__PLUS__uAgZw==&source=srp,Posted few days ago
